name,platform,profile_link,followers,likes,public_contact_method
Nicole Parish,TikTok,https://www.tiktok.com/@soundoftheforest/,3.1M,,masked business email shown on source directory
Jordyn Moore,TikTok,https://www.tiktok.com/@summershirtproject/,2.7M,,masked business email shown on source directory
Paige Layle,TikTok,https://www.tiktok.com/@paigelayle/,2.6M,,masked business email shown on source directory
Max & Jake,TikTok,https://www.tiktok.com/@mybrothermax/,1.2M,,masked business email shown on source directory
Chloe Hayden,TikTok,https://www.tiktok.com/@chloeshayden/,1.1M,,masked business email shown on source directory
AJ Wilkerson,TikTok,https://www.tiktok.com/@captainautismcomedy/,1.2M,,masked business email shown on source directory
Tyler Ty,TikTok,https://www.tiktok.com/@checkmyfreshh/,934.7K,,masked business email shown on source directory
Emily Anne,TikTok,https://www.tiktok.com/@emhahee/,866K,,masked business email shown on source directory
l Camila Lugo,TikTok,https://www.tiktok.com/@solcamilalugo/,765.8K,,masked business email shown on source directory
Kaelynn Partlow,TikTok,https://www.tiktok.com/@kaelynn_vp/,802.5K,,masked business email shown on source directory
Cheryl,TikTok,https://www.tiktok.com/@_thislineismine/,647.8K,,masked business email shown on source directory
Tola & Kev,TikTok,https://www.tiktok.com/@raisingkevin_/,744.9K,,masked business email shown on source directory
Tamara Rachelle,TikTok,https://www.tiktok.com/@livingwithlilac/,612.1K,,masked business email shown on source directory
Zane & Chantel Erickson,TikTok,https://www.tiktok.com/@joy_in_autism/,594.7K,,masked business email shown on source directory
Morgan Foley,TikTok,https://www.tiktok.com/@morgaanfoley/,634.7K,,masked business email shown on source directory
Cory Singer,TikTok,https://www.tiktok.com/@thecorysinger/,426.7K,,masked business email shown on source directory
Megan,TikTok,https://www.tiktok.com/@megmoxie/,319.1K,,masked business email shown on source directory
LaQuista & Jackson,TikTok,https://www.tiktok.com/@laquistaerinna/,252.9K,,masked business email shown on source directory
Jackie Cooper,TikTok,https://www.tiktok.com/@jrobausomemom/,232.6K,,
Ashlyn,TikTok,https://www.tiktok.com/@autismlifewithashy/,242.1K,,masked business email shown on source directory
Harry,TikTok,https://www.tiktok.com/@joannebourne12/,213.3K,,
Kathleen Duncan,TikTok,https://www.tiktok.com/@anautisticguide/,190.1K,,masked business email shown on source directory
Fryk Hey,TikTok,https://www.tiktok.com/@autistic_red_fryk_hey/,188.4K,,masked business email shown on source directory
Sophie,TikTok,https://www.tiktok.com/@sophandjosh_/,165K,,masked business email shown on source directory
Dice,TikTok,https://www.tiktok.com/@diceandautism/,162.9K,,masked business email shown on source directory
Pippa Hastings,TikTok,https://www.tiktok.com/@shewearssocks/,154.9K,,masked business email shown on source directory
Key Lime Lanna,TikTok,https://www.tiktok.com/@keylimelanna/,160.1K,,masked business email shown on source directory
Ruby Sarah,TikTok,https://www.tiktok.com/@rubyofmyeye/,148.2K,,masked business email shown on source directory
Ellie Middleton,TikTok,https://www.tiktok.com/@elliemidds/,133.8K,,masked business email shown on source directory
Samantha Edwards,TikTok,https://www.tiktok.com/@realsamanthaedwards/,132.8K,,
Lisa Hicks,TikTok,https://www.tiktok.com/@thatlisahicks/,127.2K,,masked business email shown on source directory
Reina,TikTok,https://www.tiktok.com/@reindrrop/,128.7K,,masked business email shown on source directory
Abby Gibson,TikTok,https://www.tiktok.com/@miaipadkid/,129.1K,,
Candi Carpenter,TikTok,https://www.tiktok.com/@candi_carpenter/,130.4K,,masked business email shown on source directory
Yusuf,TikTok,https://www.tiktok.com/@yusufs.world/,107.5K,,masked business email shown on source directory
Brendan Oakes,TikTok,https://www.tiktok.com/@itsbrenoakes/,100.9K,,masked business email shown on source directory
Erika Heidewald,TikTok,https://www.tiktok.com/@erikaheidewald/,98.2K,,masked business email shown on source directory
Charlie,TikTok,https://www.tiktok.com/@wonder_autism/,96.1K,,masked business email shown on source directory
Jenna Frieds,TikTok,https://www.tiktok.com/@jenna.frieds/,88K,,masked business email shown on source directory
Julie Skolnik,TikTok,https://www.tiktok.com/@julieskolnik739/,78.2K,,
Conor Mc,TikTok,https://www.tiktok.com/@caerustherapies_conor/,66.3K,,masked business email shown on source directory
Chloe Kennedy,TikTok,https://www.tiktok.com/@unmaskedwithchloe/,63.9K,,masked business email shown on source directory
Josephine Nix,TikTok,https://www.tiktok.com/@neuralferal/,60.9K,,masked business email shown on source directory
Alex Crawford,TikTok,https://www.tiktok.com/@autistic.alex/,54.4K,,
Sam,TikTok,https://www.tiktok.com/@audhdfeelings/,51.1K,,
Sasha Long,TikTok,https://www.tiktok.com/@theautismhelper/,52.9K,,masked business email shown on source directory
Vanessa,TikTok,https://www.tiktok.com/@auti_mom/,42.9K,,masked business email shown on source directory
Amanda,TikTok,https://www.tiktok.com/@manda.m4rie/,41.8K,,masked business email shown on source directory
Lauren,TikTok,https://www.tiktok.com/@audhdlauren/,35.7K,,masked business email shown on source directory
Dulce Castellanos,TikTok,https://www.tiktok.com/@dulcessweetworld/,35.1K,,masked business email shown on source directory
Jess Chandler,TikTok,https://www.tiktok.com/@thejesschandler/,34.2K,,masked business email shown on source directory
Sara Corine,TikTok,https://www.tiktok.com/@saracorine23/,32.1K,,masked business email shown on source directory
Tamar,TikTok,https://www.tiktok.com/@anawkwardmama/,4.3K,,masked business email shown on source directory
Zelue,TikTok,https://www.tiktok.com/@zelueofficial/,4.3K,,
Jezz Chung,TikTok,https://www.tiktok.com/@jezzchung/,1.6K,,masked business email shown on source directory
Ashley Daniels,TikTok,https://www.tiktok.com/@ashley.daniels/,25,,masked business email shown on source directory
Bella Neergaard,TikTok,https://www.tiktok.com/@bella.neergaard/,,,masked business email shown on source directory
Jenji & Ryan,TikTok,https://www.tiktok.com/@growthcouple/,,,
Roxanne Emery & Roxanne Emery,YouTube,https://www.youtube.com/channel/UCI7FAn9t-xxugYmX8w84PTw/videos,471K,1.3M,masked business email shown on source directory
Jessica McCabe,YouTube,https://www.youtube.com/channel/UC-nPM1_kSZf91ZGkcgy_95Q/videos,1.9M,,masked business email shown on source directory
Hayley Honeyman,YouTube,https://www.youtube.com/channel/UCtoKByj-R4AK7nsYxDTLDDg/videos,280K,233.5K,masked business email shown on source directory
Nik,YouTube,https://www.youtube.com/channel/UCEulxZh2dXaSu20Veil7-ZQ/videos,427K,884.4K,masked business email shown on source directory
Alex Partridge,YouTube,https://www.youtube.com/channel/UCCKrIhEGR5yoCBWsCkzGEaA/videos,274K,1M,masked business email shown on source directory
Toren Wolf,YouTube,https://www.youtube.com/channel/UCgWMBvGnkAPOqlLa1gkBjQg/videos,166K,1.4M,masked business email shown on source directory
Sasha Hamdani,YouTube,https://www.youtube.com/channel/UCXt28Zhpt1ijpMsuOBbHIbQ/videos,41.2K,944.7K,
Dr. Justin LeGrand,YouTube,https://www.youtube.com/channel/UC1U36iHJheBzQjAzM-ADtDQ/videos,162K,4K,masked business email shown on source directory
Ryan Wexelblatt,YouTube,https://www.youtube.com/channel/UCL3hX8PFFe2UI_BlnQvQYFw/videos,89K,61.9K,masked business email shown on source directory
Caren Magill,YouTube,https://www.youtube.com/channel/UCEdXA7uliIbBT5aWhuR3dFQ/videos,140K,10.9K,masked business email shown on source directory
Dr. Trish Leigh,YouTube,https://www.youtube.com/channel/UCQIJTuLWi_iaCZorZKFMgzg/videos,34.4K,7.3K,masked business email shown on source directory
Russell Barkley,YouTube,https://www.youtube.com/channel/UC0tLWu7ljYVFPiZQfHjTMsA/videos,202K,,masked business email shown on source directory
Jeff Copper,YouTube,https://www.youtube.com/channel/UCxazdiHxipKOkxbRYL6mMyg/videos,32.6K,,masked business email shown on source directory
Ally Hardesty,YouTube,https://www.youtube.com/channel/UCDeHfnDztjZ98f4pz60RXxQ/videos,479K,91.6K,masked business email shown on source directory
Marcus,YouTube,https://www.youtube.com/channel/UC4_b2E3PpCxnIPi5LfeIunQ/videos,1.6M,67.4K,masked business email shown on source directory
Jesse J. Anderson,YouTube,https://www.youtube.com/channel/UCAnlyKaRztOIS1Gyvn2-O6A/videos,86K,127.7K,masked business email shown on source directory
Alice Gendron,YouTube,https://www.youtube.com/channel/UCvq8VJ98fhNrh6uhQ6lEigg/videos,95.4K,633.3K,masked business email shown on source directory
Jak Levine-Pritzker,YouTube,https://www.youtube.com/channel/UCLgGwTHVBoCcdxe44Pwn6RQ/addons/,1.5K,116.4K,masked business email shown on source directory
Gloria Joy Sherrod,YouTube,https://www.youtube.com/@xAdultingwithADHDx/,923,108.5K,masked business email shown on source directory
ADDitude Magazine,YouTube,https://www.youtube.com/channel/UC_3d1NVczqxa-cQzFt2iVSw/videos,102K,,masked business email shown on source directory
Cherry ADHD,YouTube,https://www.youtube.com/channel/UC5IOdaD5bxtfL-S9G-eeNZQ/videos,7.2K,,masked business email shown on source directory
Dr. John Kruse,YouTube,https://www.youtube.com/channel/UC9DgXCGFKc_af8DiEE74FMg/videos,15.5K,,masked business email shown on source directory
I Have ADHD Podcast & Coaching,YouTube,https://www.youtube.com/channel/UCwlgvPmnFy01slXHPrTdjaA/videos,14.4K,,masked business email shown on source directory
Dr. Dan Sullivan,YouTube,https://www.youtube.com/channel/UCkIkmyyQqdDhh5NEikdWp9w/videos,10.8K,,masked business email shown on source directory
ADHD Coach Ryan Mayer,YouTube,https://www.youtube.com/channel/UCr-a2h7MGU_wc5cJ6HVqeBQ/videos,5.4K,,masked business email shown on source directory
Dana Kay - ADHD Thrive Institute,YouTube,https://www.youtube.com/channel/UCKJXavoyo4gWA2cPXCYyThA/videos,12.6K,,masked business email shown on source directory
ND OUTLOUD,YouTube,https://www.youtube.com/channel/UCyC1ZuUvJO3jAp9btC8voOg/videos,22.8K,,masked business email shown on source directory
Mr ADHD,YouTube,https://www.youtube.com/channel/UC1sakoO9Ymn9fwas9njJVNA/videos,911,,masked business email shown on source directory
GrowNOW ADHD,YouTube,https://www.youtube.com/channel/UC8ULKg0QebMfcQTUHVvkWqw/videos,3.8K,,masked business email shown on source directory
ADHD Coach Mande John - Learn to Thrive with ADHD,YouTube,https://www.youtube.com/channel/UC6pa5ZgUQ7j2bSPmiWuzIVQ/videos,7K,,masked business email shown on source directory
Braelyn | Systems For ADHD,YouTube,https://www.youtube.com/channel/UCCzOk_mLQROgWdueFgDGulQ/videos,2.4K,,masked business email shown on source directory
The Adulting With ADHD Podcast,YouTube,https://www.youtube.com/channel/UCOqSiCoem8AIGJMxTmPS1Qw/videos,3.3K,,masked business email shown on source directory
ADHD na Obcasach,YouTube,https://www.youtube.com/channel/UCiIrc0G589Y0IufPuuo6nrw/videos,25.8K,,masked business email shown on source directory
"Executive Function, ADHD, 2e. Seth Perler",YouTube,https://www.youtube.com/channel/UC3g805SGGjuUY3OmPJ25yRQ/videos,30.3K,,
Doctor Jacque | Child Anxiety & ADHD,YouTube,https://www.youtube.com/channel/UCnc_bSkYmUVGJiMBtw3D8cw/videos,34.4K,,masked business email shown on source directory
My ADHD Brain,YouTube,https://www.youtube.com/channel/UCWFuAbT92l7o7hLWUdRrpGQ/videos,17.2K,,
Help for ADHD,YouTube,https://www.youtube.com/channel/UCtIdw4TxJHT8XUlPBvYZD7A/videos,34.6K,,masked business email shown on source directory
Mollys ADHD Mayhem,YouTube,https://www.youtube.com/channel/UCz-ZelDn1KkVsUdvecicNuA/videos,9.6K,,masked business email shown on source directory
Jenna Redfield Notion for ADHD Entrepreneurs,YouTube,https://www.youtube.com/channel/UCW7iBox5OyxaJIqY1RVAREw/videos,12.5K,,masked business email shown on source directory
ADHD WOMEN'S WELLBEING,YouTube,https://www.youtube.com/channel/UCJR2_itDkuWhDjreZtosV6Q/videos,1.3K,,masked business email shown on source directory
ADHD Wellness,YouTube,https://www.youtube.com/channel/UCRb-GsgnwEV7riSiQhhuFyA/videos,4.4K,1.4K,masked business email shown on source directory
Vanshita - ADHD,YouTube,https://www.youtube.com/channel/UCIDd9T9V-3U7pJ8IV3OturQ/videos,1.4K,,masked business email shown on source directory
ADHD Online,YouTube,https://www.youtube.com/channel/UCkWi6OoUOEGV8JI-ZlgZD4g/videos,4.5K,,masked business email shown on source directory
ADHD reWired,YouTube,https://www.youtube.com/channel/UCL56VPTRLlbu6iBayYwhLKQ/videos,10.8K,,masked business email shown on source directory
ADHD Support Talk,YouTube,https://www.youtube.com/channel/UCDtSDFIuNEGBgLH1PJRyegg/videos,9K,,
ADHD Norge,YouTube,https://www.youtube.com/channel/UC5hETePiwb8H_xceZewle9A/videos,2.9K,,masked business email shown on source directory
ADHD ASMR for Insomnia,YouTube,https://www.youtube.com/channel/UC0LcVk7hehgRQEs3cVKRq5w/videos,9.2K,,
Nishantha,YouTube,https://www.youtube.com/channel/UCv654eI-VbxJCf-zpdKVgqg/videos,11.8K,,masked business email shown on source directory
ADHD UK,YouTube,https://www.youtube.com/channel/UCUNwB38b5CCIF7i9oeHVHMg/videos,4.4K,,masked business email shown on source directory
ADHD Life Now,YouTube,https://www.youtube.com/channel/UC_A2qn0BaPG4ylMmWK8L8vA/videos,2.4K,,masked business email shown on source directory
Broadcasting ADHD Europe,YouTube,https://www.youtube.com/channel/UC4PNzbOhYlZTPfIXRn4p6fA/videos,6.3K,,masked business email shown on source directory
The ADHD Adults Podcast,YouTube,https://www.youtube.com/channel/UCs9SzAthl6xDXZUPDZQj5wg/videos,7.1K,21.5K,
ADHD centrum Nederland,YouTube,https://www.youtube.com/channel/UCCCTxhMaoDKLtSCbA61xEjg/videos,5.9K,,masked business email shown on source directory
ADHD Life Coach Janine VanStee,YouTube,https://www.youtube.com/channel/UCBNosv-To7ubvdWFNRsaKYw/videos,701,,masked business email shown on source directory
Authentically ADHD with Carmen Irace,YouTube,https://www.youtube.com/channel/UCthiNbrWe62fDlEuOgGJRhw/videos,147,,masked business email shown on source directory
ADHD Coach Sheila,YouTube,https://www.youtube.com/channel/UCyTGlNh_hmP_OV76DfUYPcg/videos,936,,masked business email shown on source directory
"Where's David-Paul, my ADHD life?",YouTube,https://www.youtube.com/channel/UCYShkubzRgRwaA3uO1t-_Pw/videos,490,,
"Rena-Fi, Inc.",YouTube,https://www.youtube.com/channel/UC575mxPrWxUKrYqvEwEpOsQ,2.9K,8.5K,masked business email shown on source directory
Drake Institute,YouTube,https://www.youtube.com/channel/UCKyjSa4XhcdrzjCJtZcg_UA/videos,2.5K,,masked business email shown on source directory
Qbtech,YouTube,https://www.youtube.com/channel/UCL0dDm1Dp3B_CitEDKEHpvA/videos,783,,masked business email shown on source directory
Sara Kelly ADHD Mindset Coach,YouTube,https://www.youtube.com/channel/UC_w0MlwNgL3tmkLUO8OnooQ/videos,7.9K,,masked business email shown on source directory
Overcoming Distractions,YouTube,https://www.youtube.com/channel/UCxYIbSpGVZhHGhQOypqMhvw/videos,1.4K,,masked business email shown on source directory
Dr. Sharon Saline,YouTube,https://www.youtube.com/channel/UCfJzNJu1CCPZ5BnBGHTo_yg/videos,4.9K,,masked business email shown on source directory
The ADHD Village,YouTube,https://www.youtube.com/channel/UCditExBr8DG0e8_c6GLMpFA/videos,880,,masked business email shown on source directory
Jen Conley l ADHD Coach,YouTube,https://www.youtube.com/channel/UC5GXKeaDS2-vd4WxmXTDxEA/videos,46,,masked business email shown on source directory
ADHD Money Talk,YouTube,https://www.youtube.com/channel/UCDXA0hiK1QYTXOhckdZ0dUg/videos,429,,
ADHD Assist,YouTube,https://www.youtube.com/channel/UC3CSHDrHsC8wzS-JQIhx0zA/videos,354,2.4K,
Adult ADD ADHD Tips and Support,YouTube,https://www.youtube.com/channel/UClGziBCNeAbFA3e-Oo4CCfg/videos,2.4K,,masked business email shown on source directory
Unlocking ADHD,YouTube,https://www.youtube.com/channel/UCkY_MUA04ANUR5TirtfN88A/videos,3K,,masked business email shown on source directory
ADHD Mathematician,YouTube,https://www.youtube.com/channel/UCLtlPRveA1APQnGAI2YVDGw/videos,3.2K,,masked business email shown on source directory
Nikki Kinzer | Take Control ADHD,YouTube,https://www.youtube.com/channel/UCzpkowDelZJucbXj8V8jj5A/videos,2K,,masked business email shown on source directory
ADHD Big Brother,YouTube,https://www.youtube.com/channel/UC4gvQzw1X0RGogQC2OzVNFg/videos,741,,
ADHD Specialist,YouTube,https://www.youtube.com/channel/UCfISiKGT8LKVSDw-D3Ymwrg/videos,865,,masked business email shown on source directory
ADHD Girls,YouTube,https://www.youtube.com/channel/UCxfX2p6x0y16Xoxhfdu0qtA/videos,2K,,masked business email shown on source directory
Jen Heart's Guide To Life | Self Care + ADHD,YouTube,https://www.youtube.com/channel/UCRmwXyxAtaxvRsJiXSJOkIQ/videos,76,,masked business email shown on source directory
